Model,Log-Loss,Brier Score,Accuracy,Precision,Recall,F1 Score,AUC-ROC
Logistic Regression,0.12482123873349553,0.0364223102889112,0.951,0.8741007194244604,0.7941176470588235,0.8321917808219178,0.9827707942681204
Random Forest,0.13329644865508833,0.03934412905456,0.948,0.7700534759358288,0.9411764705882353,0.8470588235294118,0.9870399950613855
XGBoost,0.14435201807353307,0.041283856916899814,0.947,0.7941176470588235,0.8823529411764706,0.8359133126934984,0.9845726169255582
